alias nagarjuna.n Nagarjuna N <nagarjuna.n@inmobi.com>
alias rajesh.gupta Rajesh Gupta <rajesh.gupta@inmobi.com>
alias anto.daniel Anto Daniel J P <anto.daniel@gmail.com>
alias adserve-engg-oncall Adserve-Engg-Oncall <adserve-engg-oncall@inmobi.com>
alias chaitanya.p Chaitanya P <chaitanya.p@inmobi.com>
alias bobby.paulose Bobby Paulose <bobby.paulose@inmobi.com>
alias rahul.tanksale Rahul Tanksale <rahul.tanksale@inmobi.com>
alias jessmon.george Jessmon George <jessmon.george@inmobi.com>
alias vedaprasad.j Vedaprasad J <vedaprasad.j@inmobi.com>
